[
    {
      "grade": 1,
      "subject": "Science",
      "type":"Games",
      "Games":[

        {
            "name": "Experiment Me",
            "image": "..../../../assets/images/games/arithmetica.png",
            "alt":"image1",
            "link": "..\\games\\Grade7\\Science\\Experiment-Chemistry\\Science Experiment.exe"
          },
          {
            "name": "Arch Boy-Grade-7-Science",
            "image": "..../../../assets/images/games/arithmetica.png",
            "alt":"image1",
            "link": "..\\games\\Grade7\\Science\\Arch Boy Grade-7-Science\\Arch-Boy-Grade-7-Science.exe"
          }
      ]
}
]
          
  