[
    {
      "grade": 1,
      "subject": "English",
      "type":"Games",
      "Games":[

        {
          "name": "Flappy Plane",
          "image": ".../../../assets/images/games/combine-shape.png",
          "alt":"image3",
          "link": "..\\games\\Grade2\\English\\Flappy Plane\\flaps.exe"         
        },
        {
          "name": "Vowels",
          "image": ".../../../assets/images/games/combine-shape.png",
          "alt":"image3",
          "link": "..\\games\\Grade2\\English\\Vowels\\Vowels.exe"         
        },
        {
          "name": "Animal Quiz",
          "image": ".../../../assets/images/games/combine-shape.png",
          "alt":"image3",
          "link": "..\\games\\Grade2\\English\\Animal Quiz\\Animal-Quiz.exe"         
        },
        {
          "name": "Articles",
          "image": ".../../../assets/images/games/combine-shape.png",
          "alt":"image3",
          "link": "..\\games\\Grade2\\English\\Articles\\Articles.exe"         
        }
      ]
}
]
          
  