[
    {
      "grade": 1,
      "subject": "Science",
      "type":"Games",
      "Games":[

        {
            "name": "Experiment Me",
            "image": "..../../../assets/images/games/arithmetica.png",
            "alt":"image1",
            "link": "..\\games\\Grade6\\Science\\Experiment-Physics\\Science Experiment.exe"
          },
          {
            "name": "Shoot The Price",
            "image": "..../../../assets/images/games/arithmetica.png",
            "alt":"image1",
            "link": "..\\games\\Grade6\\Science\\Shoot The Price\\Shoot The Price.exe"
          }
      ]
}
]
          
  