[
    {
      "grade": 1,
      "subject": "English",
      "type":"Games",
      "Games":[

        {
            "name": "Arch Boy Grade-6-English",
            "image": "..../../../assets/images/games/arithmetica.png",
            "alt":"image1",
            "link": "..\\games\\Grade6\\English\\Arch Boy Grade-6-English\\Arch-Boy-Grade-6-English.exe"
          },
          {
            "name": "Dart Shooter",
            "image": "..../../../assets/images/games/arithmetica.png",
            "alt":"image1",
            "link": "..\\games\\Grade6\\English\\Dart Shooter\\Dart Shooter.exe"
          }
      ]
}
]
          
  