[
    {
      "grade": 1,
      "subject": "English",
      "type":"Games",
      "Games":[

        {
            "name": "Honey Hunt",
            "image": "..../../../assets/images/games/arithmetica.png",
            "alt":"image1",
            "link": "..\\games\\Grade3\\English\\Honey Hunt\\Honey Hunt.exe"
          },
          {
            "name": "Synonym Hunter",
            "image": ".../../../assets/images/games/combine-shape.png",
            "alt":"image3",
            "link": "..\\games\\Grade3\\English\\Synonym Hunter\\Synonym Hunter.exe"         
          }
      ]
}
]
          
  