[
    {
      "grade": 1,
      "subject": "Math",
      "type":"Games",
      "Games":[

        {
            "name": "Multiple Equation",
            "image": "..../../../assets/images/games/arithmetica.png",
            "alt":"image1",
            "link": "..\\games\\Grade4\\Maths\\Multiple Equation\\Multiples Equation.exe"
          },
          {
            "name": "Pancake Flip",
            "image": ".../../../assets/images/games/drag.png",
            "alt":"drag",
            "link": "..\\games\\Grade4\\Maths\\Pancake Flip\\Pancake Flip.exe"
          },
          {
            "name": "Math Archer",
            "image": ".../../../assets/images/games/drag.png",
            "alt":"drag",
            "link": "..\\games\\Grade4\\Maths\\Math Archer\\Math Archer.exe"
          },
          {
            "name": "Mono Jump Grade-4 Maths",
            "image": ".../../../assets/images/games/drag.png",
            "alt":"drag",
            "link": "..\\games\\Grade4\\Maths\\Mono Jump Grade-4 Maths\\Mono Jump Grade-4 Maths.exe"
          },
          {
            "name": "Space-Trail-Run",
            "image": ".../../../assets/images/games/combine-shape.png",
            "alt":"image3",
            "link": "..\\games\\Grade4\\Maths\\Space-Trail-Run\\Space-Runner.exe"         
          }
      ]
}
]
          
  