[
    {
      "grade": 1,
      "subject": "English",
      "type":"Games",
      "Games":[

        {
            "name": "Fly High",
            "image": "..../../../assets/images/games/arithmetica.png",
            "alt":"image1",
            "link": "..\\games\\Grade4\\English\\Fly High\\Fly High.exe"
          },
          {
            "name": "Turbo",
            "image": ".../../../assets/images/games/drag.png",
            "alt":"drag",
            "link": "..\\games\\Grade4\\English\\Turbo\\Turbo.exe"
          }
      ]
}
]
          
  