[
    {
      "grade": 1,
      "subject": "Math",
      "type":"Games",
      "Games":[

        {
          "name": "Whack-A-Mole",
          "image": "../../../assets/images/games/combine-shape.png",
          "alt":"image3",
          "link": "..\\games\\Grade1\\Maths\\MoleGame\\MoleGame.exe"
          },
          {
            "name": "Ball Search",
            "image": "../../../assets/images/games/combine-shape.png",
            "alt":"image3",
            "link": "..\\games\\Grade1\\Maths\\Ball Search\\Ballsearch.exe"
          },
          {
            "name": "Combining Shape",
            "image": "../../../assets/images/games/combine-shape.png",
            "alt":"image3",
            "link": "..\\games\\Grade1\\Maths\\Combine the shape\\Combine The Shapes.exe"
          },
          {
            "name": "Missing Number",
            "image": "../../../assets/images/games/combine-shape.png",
            "alt":"image3",
            "link": "..\\games\\Grade1\\Maths\\Missing-Number\\Missing Number.exe"
          },
          {
            "name": "Subtraction Equation",
            "image": "../../../assets/images/games/combine-shape.png",
            "alt":"image3",
            "link": "..\\games\\Grade1\\Maths\\Subtraction Equation\\Subtraction Equation.exe"
          },
          {
            "name": "Hungry Fish",
            "image": "../../../assets/images/games/combine-shape.png",
            "alt":"image3",
            "link": "..\\games\\Grade1\\Maths\\Hungry Fish\\Hungry Fish.exe"
          }
      ]
}
]
          
  