[
    {
      "grade": 1,
      "subject": "Math",
      "type":"Games",
      "Games":[

        {
            "name": "Arch Boy-Grade-7-Math",
            "image": "..../../../assets/images/games/arithmetica.png",
            "alt":"image1",
            "link": "..\\games\\Grade7\\Maths\\Arch Boy Grade-7-Maths\\Arch-Boy-Grade-7-Math.exe"
          },
          {
            "name": "Math Mahjong",
            "image": "..../../../assets/images/games/arithmetica.png",
            "alt":"image1",
            "link": "..\\games\\Grade7\\Maths\\Math Mahjong\\Math Mahjong.exe"
          }
      ]
}
]
          
  