[
    {
      "grade": 1,
      "subject": "Math",
      "type":"Games",
      "Games":[

        {
            "name": "Bubble-Multiple",
            "image": "..../../../assets/images/games/arithmetica.png",
            "alt":"image1",
            "link": "..\\games\\Grade3\\Maths\\Bubble-Multiple\\Bubblemultiples.exe"
          },
          {
            "name": "High or Low",
            "image": ".../../../assets/images/games/drag.png",
            "alt":"drag",
            "link": "..\\games\\Grade3\\Maths\\High or Low\\High or Low.exe"
          },
          {
            "name": "Jumping Ninja",
            "image": ".../../../assets/images/games/combine-shape.png",
            "alt":"image3",
            "link": "..\\games\\Grade3\\Maths\\Jumping Ninja\\Jumping Ninja.exe"         
          }
      ]
}
]
          
  