[
    {
      "grade": 1,
      "subject": "Math",
      "type":"Games",
      "Games":[

        {
            "name": "Arithmetica",
            "image": "..../../../assets/images/games/arithmetica.png",
            "alt":"image1",
            "link": "..\\games\\Grade2\\Maths\\Arthematica\\Arithmetica.exe"
          },
          {
            "name": "Park Order",
            "image": ".../../../assets/images/games/drag.png",
            "alt":"drag",
            "link": "..\\games\\Grade2\\Maths\\Park Order\\Park-order-2019.exe"
          },
          {
            "name": "Soonta Farm",
            "image": ".../../../assets/images/games/combine-shape.png",
            "alt":"image3",
            "link": "..\\games\\Grade2\\Maths\\Soonta Farm\\Soontafarm.exe"         
          },
          {
            "name": "Forest Trail Run",
            "image": ".../../../assets/images/games/combine-shape.png",
            "alt":"image3",
            "link": "..\\games\\Grade2\\Maths\\Forest Trail Run\\Forest Trail Run.exe"         
          },
          {
            "name": "Happy Animals",
            "image": ".../../../assets/images/games/combine-shape.png",
            "alt":"image3",
            "link": "..\\games\\Grade2\\Maths\\Happy Animals\\Happy Animals.exe"         
          },
          {
            "name": "Water Trail Run",
            "image": ".../../../assets/images/games/combine-shape.png",
            "alt":"image3",
            "link": "..\\games\\Grade2\\Maths\\Water Trail Run\\Water Trail Run.exe"         
          },
          {
            "name": "Addition Equation",
            "image": ".../../../assets/images/games/bubble.png",
            "alt":"image4",
            "link": "..\\games\\Grade2\\Maths\\Addition Equation\\Addition Equation.exe"         
         }
      ]
}
]
          
  