[
    {
        "grade": 5,
        "subject": "Math",
        "type": "Interactive Content",
        "Interactive": [
            {
                "Heading": "Coordinate plan",
                "interactive_items": [
                    {
                        "name": "Analyze graphed relationships",
                        "link": "..\\H5P\\Grade 5\\Math\\Coordinate plan\\analyze-graphed-relationships\\analyze-graphed-relationships.html"
                    },
                    {
                        "name": "Coordinate planes ad maps",
                        "link": "..\\H5P\\Grade 5\\Math\\Coordinate plan\\coordinate-planes-as-maps\\coordinate-planes-as-maps.html"
                    },
                    {
                        "name": "Describe the coordinate plane",
                        "link": "..\\H5P\\Grade 5\\Math\\Coordinate plan\\describe-the-coordinate-plane\\describe-the-coordinate-plane.html"
                    },
                    {
                        "name": "Objects on a coordinate plane",
                        "link": "..\\H5P\\Grade 5\\Math\\Coordinate plan\\objects-on-a-coordinate-plane\\objects-on-a-coordinate-plane.html"
                    }
                ]
            },
            {
                "Heading": "Decimals",
                "interactive_items": [
                    {
                        "name": "Addition and subtraction of decimals",
                        "link": "..\\H5P\\Grade 5\\Math\\Decimals\\addition-and-subtraction-of-decimals\\addition.html"
                    },
                    {
                        "name": "Conversion of decimal into fractions",
                        "link": "..\\H5P\\Grade 5\\Math\\Decimals\\conversion-of-decimal-into-fractions\\conversion-of-decimal-into-fractions.html"
                    },
                    {
                        "name": "Conversion of fraction into decimals",
                        "link": "..\\H5P\\Grade 5\\Math\\Decimals\\conversion-of-fraction-into-decimals\\conversion-of-fraction-into-decimals.html"
                    },
                    {
                        "name": "Round off",
                        "link": "..\\H5P\\Grade 5\\Math\\Decimals\\round-off\\round-off.html"
                    }
                ]
            },
            {
                "Heading": "Geometry",
                "interactive_items": [
                    {
                        "name": "Construction of angles",
                        "link": "..\\H5P\\Grade 5\\Math\\Geometry\\construction-of-angles\\construction-of-angles.html"
                    },
                    {
                        "name": "Measurement of the angles",
                        "link": "..\\H5P\\Grade 5\\Math\\Geometry\\measurement-of-the-angles\\measurement-of-the-angles.html"
                    },
                    {
                        "name": "Pairs of angles",
                        "link": "..\\H5P\\Grade 5\\Math\\Geometry\\pairs-of-angles\\pairs-of-angles.html"
                    },
                    {
                        "name": "Perpendicular, parallel and intersecting lines",
                        "link": "..\\H5P\\Grade 5\\Math\\Geometry\\perpendicular-parallel-and-intersecting-lines\\perpendicular-parallel-and-intersecting-lines.html"
                    }
                ]
            },
            {
                "Heading": "Number system",
                "interactive_items": [
                    {
                        "name": "Cube and cube root",
                        "link": "..\\H5P\\Grade 5\\Math\\Number system\\cube-and-cube-root\\cube-and-cube-root.html"
                    },
                    {
                        "name": "Factors and multiples",
                        "link": "..\\H5P\\Grade 5\\Math\\Number system\\factors-and-multiples\\factors-and-multiples.html"
                    },
                    {
                        "name": "Highest common factor (HCF)",
                        "link": "..\\H5P\\Grade 5\\Math\\Number system\\highest-common-factor-hcf\\highest-common-factor-hcf.html"
                    },
                    {
                        "name": "Lowest common factor (LCM)",
                        "link": "..\\H5P\\Grade 5\\Math\\Number system\\lowest-common-factor-lcm\\lowest-common-factor-lcm.html"
                    },
                    {
                        "name": "Square and square root of numbers",
                        "link": "..\\H5P\\Grade 5\\Math\\Number system\\square-and-square-root-of-numbers\\square-and-square-root-of-numbers.html"
                    }
                ]
            },
            {
                "Heading": "Time",
                "interactive_items": [
                    {
                        "name": "Find the elaspsed time",
                        "link": "..\\H5P\\Grade 5\\Math\\Time\\find-the-elapsed-time\\find-the-elapsed-time.html"
                    },
                    {
                        "name": "Match clocks and times",
                        "link": "..\\H5P\\Grade 5\\Math\\Time\\match-clocks-and-times\\match-clocks-and-times.html"
                    },
                    {
                        "name": "Schedules and timelines",
                        "link": "..\\H5P\\Grade 5\\Math\\Time\\schedules-and-timelines\\schedules-and-timelines.html"
                    }
                ]
            },
            {
                "Heading": "Fractions",
                "interactive_items": [
                    {
                        "name": "Addition of mixed numbers",
                        "link": "..\\H5P\\Grade 5\\Math\\Fractions\\addition-of-mixed-numbers\\addition-of-mixed-numbers.html"
                    },
                    {
                        "name": "Division of mixed numbers",
                        "link": "..\\H5P\\Grade 5\\Math\\Fractions\\division-of-mixed-numbers\\division-of-mixed-numbers.html"
                    },
                    {
                        "name": "Fraction of a whole word problems",
                        "link": "..\\H5P\\Grade 5\\Math\\Fractions\\fractions-of-a-whole-word-problems\\fractions-of-a-whole-word-problems.html"
                    },
                    {
                        "name": "Multiplication of mixed numbers",
                        "link": "..\\H5P\\Grade 5\\Math\\Fractions\\multiplication-of-mixed-numbers\\multiplication-of-mixed-numbers.html"
                    },
                    {
                        "name": "Subtraction of mixed numbers",
                        "link": "..\\H5P\\Grade 5\\Math\\Fractions\\subtraction-of-mixed-numbers\\subtraction-of-mixed-numbers.html"
                    }
                ]
            },
            {
                "Heading": "Statistics",
                "interactive_items": [
                    {
                        "name": "Bargraph",
                        "link": "..\\H5P\\Grade 5\\Math\\Statistics\\bargraph\\bargraph.html"
                    },
                    {
                        "name": "Charts",
                        "link": "..\\H5P\\Grade 5\\Math\\Statistics\\charts\\charts.html"
                    },
                    {
                        "name": "Ordered pairs",
                        "link": "..\\H5P\\Grade 5\\Math\\Statistics\\ordered-pairs\\ordered-pairs.html"
                    },
                    {
                        "name": "Temperature",
                        "link": "..\\H5P\\Grade 5\\Math\\Statistics\\temperature\\temperature.html"
                    }
                ]
            }
        ]
    }
]