[
    {
      "grade": 1,
      "subject": "English",
      "type":"Games",
      "Games":[

        {
          "name": "Drag and Drop",
          "image": "../../../../assets/images/games/drag.png",
          "alt":"image3",
          "link": "..\\games\\Grade1\\English\\DragandDrop\\Drag-and-Drop.exe"
          },
          {
          "name": "Guess the Sound",
          "image": ".../../../assets/images/games/guessthesound.png",
          "alt":"image3",
          "link": "..\\games\\Grade1\\English\\Guess the Sound\\Guess the Sound.exe"
          },
          {
            "name": "Missing Letter",
          "image": "../../../../assets/images/games/drag.png",
          "alt":"image3",
          "link": "..\\games\\Grade1\\English\\Missing-Letter\\Missing Letter.exe"
          },
          {
            "name": "Snake Game",
          "image": "../../../../assets/images/games/drag.png",
          "alt":"image3",
          "link": "..\\games\\Grade1\\English\\Snake Game\\New-Snake-2019.exe"
          },
          {
            "name": "Colour Drop",
          "image": "../../../../assets/images/games/drag.png",
          "alt":"image3",
          "link": "..\\games\\Grade1\\English\\Colour Drop\\Colour Drop.exe"
          },
          {
            "name": "Mono Jump Grade-1 English",
          "image": "../../../../assets/images/games/drag.png",
          "alt":"image3",
          "link": "..\\games\\Grade1\\English\\Mono Jump Grade-1 English\\Mono Jump Grade-1 English.exe"
          },
          {
          "name": "Pronounciation",
          "image": "../../../../assets/images/games/drag.png",
          "alt":"image3",
          "link": "..\\games\\Grade1\\English\\Pronounciation\\Pronounciation.exe"
          }
      ]
}
]
          
  