[
    {
      "grade": 1,
      "subject": "English",
      "type":"Games",
      "Games":[

        {
            "name": "Hot Air Balloon",
            "image": "..../../../assets/images/games/arithmetica.png",
            "alt":"image1",
            "link": "..\\games\\Grade5\\English\\Hot Air Balloon\\Air-Balloon-Ride-2D.exe"
          },
          {
            "name": "Mono Jump Grade-5 English",
            "image": "..../../../assets/images/games/arithmetica.png",
            "alt":"image1",
            "link": "..\\games\\Grade5\\English\\Mono Jump Grade-5 English\\Mono Jump Grade-5 English.exe"
          },
          {
            "name": "Space Shooter",
            "image": "..../../../assets/images/games/arithmetica.png",
            "alt":"image1",
            "link": "..\\games\\Grade5\\English\\Space Shooter\\Space Shootera.exe"
          }
      ]
}
]
          
  