[
    {
      "grade": 1,
      "subject": "Math",
      "type":"Games",
      "Games":[

        {
            "name": "Grain Guard",
            "image": "..../../../assets/images/games/arithmetica.png",
            "alt":"image1",
            "link": "..\\games\\Grade5\\Maths\\Grain Guard\\Grain Guard.exe"
          },
          {
            "name": "Mono Jump Grade-5 Maths",
            "image": "..../../../assets/images/games/arithmetica.png",
            "alt":"image1",
            "link": "..\\games\\Grade5\\Maths\\Mono Jump Grade-5 Maths\\Mono Jump Grade-5 Maths.exe"
          },
          {
            "name": "Net it",
            "image": "..../../../assets/images/games/arithmetica.png",
            "alt":"image1",
            "link": "..\\games\\Grade5\\Maths\\Net it\\Net it.exe"
          },
          {
            "name": "The Alien Bird",
            "image": "..../../../assets/images/games/arithmetica.png",
            "alt":"image1",
            "link": "..\\games\\Grade5\\Maths\\The Alien Bird\\The Alien Bird.exe"
          }
      ]
}
]
          
  