[
    {
      "grade": 2,
      "subject": "Science",
      "type":"Interactive Content",
      "Interactive": [
        {
          "Heading": "Basic and moving skills of physical exercise",
          "interactive_items": [
            {
              "name": "Basic and moving skills of physical exercise",
              "link": "..\\H5P\\Grade 2\\Science\\Basic and moving skills of physical exercise\\basic-and-moving-skills-of-physical-exercise\\basic-and-moving-skills-of-physical-exercise.html"
            }
          ]
        },
        {
          "Heading": "Be safe from diseases",
          "interactive_items": [
            {
              "name": "Be safe from diseases",
              "link": "..\\H5P\\Grade 2\\Science\\Be safe from diseases\\be-safe-from-diseases\\be-safe-from-diseases.html"
            }
          ]
        },
        {
          "Heading": "Cleanliness of house",
          "interactive_items": [
            {
              "name": "Cleanliness of house",
              "link": "..\\H5P\\Grade 2\\Science\\Cleanliness of house\\cleanliness-of-house\\cleanliness-of-house.html"
            }
          ]
        },
        {
          "Heading": "Cleanliness of school",
          "interactive_items": [
            {
              "name": "Cleanliness of school",
              "link": "..\\H5P\\Grade 2\\Science\\Cleanliness of school\\cleanliness-of-school\\cleanliness-of-school.html"
            }
          ]
        },
        {
          "Heading": "Colours of the sunlight",
          "interactive_items": [
            {
              "name": "Colours of the sunlight",
              "link": "..\\H5P\\Grade 2\\Science\\Colours of the sunlight\\colours-of-the-sunlight\\colours-of-the-sunlight.html"
            }
          ]
        },
        {
          "Heading": "Day and Night",
          "interactive_items": [
            {
              "name": "Day and night",
              "link": "..\\H5P\\Grade 2\\Science\\Day and Night\\day-and-night\\day-and-night.html"
            }
          ]
        },
        {
          "Heading": "Different parts of a plant",
          "interactive_items": [
            {
              "name": "Different parts of a plant",
              "link": "..\\H5P\\Grade 2\\Science\\Different parts of a plant\\different-parts-of-a-plant\\different-parts-of-a-plant.html"
            }
          ]
        },
        {
          "Heading": "Different types of plants",
          "interactive_items": [
            {
              "name": "Different types of plants",
              "link": "..\\H5P\\Grade 2\\Science\\Different types of plants\\different-types-of-plants\\different-types-of-plants.html"
            }
          ]
        },
        {
          "Heading": "Domestic and wild animals",
          "interactive_items": [
            {
              "name": "Domestic and wild animals Interactive book",
              "link": "..\\H5P\\Grade 2\\Science\\Domestic and wild animals\\domestic-and-wild-animals-interactive-book\\domestic-and-wild-animals-interactive-book.html"
            },
            {
              "name": "Domestic and wild animals Interactive quiz",
              "link": "..\\H5P\\Grade 2\\Science\\Domestic and wild animals\\domestic-and-wild-animals-interactive-quiz\\domestic-and-wild-animals-interactive-quiz.html"
            }
          ]
        },
        {
          "Heading": "Drill",
          "interactive_items": [
            {
              "name": "Drill",
              "link": "..\\H5P\\Grade 2\\Science\\Drill\\drill\\drill.html"
            }
          ]
        },
        {
          "Heading": "Drinking water",
          "interactive_items": [
            {
              "name": "Drinking water",
              "link": "..\\H5P\\Grade 2\\Science\\Drinking water\\drinking-water\\drinking-water.html"
            }
          ]
        },
        {
          "Heading": "Exercises at a fixed position",
          "interactive_items": [
            {
              "name": "Exercises at a fixed position",
              "link": "..\\H5P\\Grade 2\\Science\\Exercises at a fixed position\\exercises-at-a-fixed-position\\exercises-at-a-fixed-position.html"
            }
          ]
        },
        {
          "Heading": "Food from plants and animals",
          "interactive_items": [
            {
              "name": "Food from plants and animals",
              "link": "..\\H5P\\Grade 2\\Science\\Food from plants and animals\\food-from-plants-and-animals\\food-from-plants-and-animals.html"
            }
          ]
        },
        {
          "Heading": "Food of animals and their feeding habits",
          "interactive_items": [
            {
              "name": "Food of animals and their feeding habits",
              "link": "..\\H5P\\Grade 2\\Science\\Food of animals and their feeding habits\\food-of-animals-and-their-feeding-habits\\food-of-animals-and-their-feeding-habits.html"
            }
          ]
        },
        {
          "Heading": "Habitats of animals",
          "interactive_items": [
            {
              "name": "Habitats of animals",
              "link": "..\\H5P\\Grade 2\\Science\\Habitats of animals\\habitats-of-animals\\habitats-of-animals.html"
            }
          ]
        },
        {
          "Heading": "Hard and soft substances",
          "interactive_items": [
            {
              "name": "Hard and soft substances",
              "link": "..\\H5P\\Grade 2\\Science\\Hard and soft substances\\hard-and-soft-substances\\hard-and-soft-substances.html"
            }
          ]
        },
        {
          "Heading": "Health services",
          "interactive_items": [
            {
              "name": "Health services",
              "link": "..\\H5P\\Grade 2\\Science\\Health services\\health-services\\health-services.html"
            }
          ]
        },
        {
          "Heading": "Living beings and their features",
          "interactive_items": [
            {
              "name": "Living beings and their features",
              "link": "..\\H5P\\Grade 2\\Science\\Living beings and their features\\living-beings-and-their-features\\living-beings-and-their-features.html"
            }
          ]
        },
        {
          "Heading": "Local games",
          "interactive_items": [
            {
              "name": "Local games",
              "link": "..\\H5P\\Grade 2\\Science\\Local games\\local-games\\local-games.html"
            }
          ]
        },
        {
          "Heading": "Matters of different colour, taste and smell",
          "interactive_items": [
            {
              "name": "Matter of different colour, taste and smell",
              "link": "..\\H5P\\Grade 2\\Science\\Matters of different colour, taste and smell\\matter-of-different-colour-taste-and-smell\\matter-of-different-colour-taste-and-smell.html"
            }
          ]
        },
        {
          "Heading": "Movement of animals",
          "interactive_items": [
            {
              "name": "Movement of animals",
              "link": "..\\H5P\\Grade 2\\Science\\Movement of animals\\movement-of-animals\\movement-of-animals.html"
            }
          ]
        },
        {
          "Heading": "My food",
          "interactive_items": [
            {
              "name": "My food",
              "link": "..\\H5P\\Grade 2\\Science\\My food\\my-food\\my-food.html"
            }
          ]
        },
        {
          "Heading": "Objects of different sizes",
          "interactive_items": [
            {
              "name": "Objects of different shapes",
              "link": "..\\H5P\\Grade 2\\Science\\Objects of different sizes\\objects-of-different-shapes\\objects-of-different-shapes.html"
            }
          ]
        },
        {
          "Heading": "Our Earth",
          "interactive_items": [
            {
              "name": "Our Earth",
              "link": "..\\H5P\\Grade 2\\Science\\Our Earth\\our-earth\\our-earth.html"
            }
          ]
        },
        {
          "Heading": "Our environment",
          "interactive_items": [
            {
              "name": "Our environment",
              "link": "..\\H5P\\Grade 2\\Science\\Our environment\\our-environment\\our-environment.html"
            }
          ]
        },
        {
          "Heading": "Personal hygiene",
          "interactive_items": [
            {
              "name": "Personal hygiene",
              "link": "..\\H5P\\Grade 2\\Science\\Personal hygiene\\personal-hygiene\\personal-hygiene.html"
            }
          ]
        },
        {
          "Heading": "Physical training",
          "interactive_items": [
            {
              "name": "Physical training",
              "link": "..\\H5P\\Grade 2\\Science\\Physical training\\physical-training\\physical-training.html"
            }
          ]
        },
        {
          "Heading": "Safety and first aid",
          "interactive_items": [
            {
              "name": "Safety and first aid",
              "link": "..\\H5P\\Grade 2\\Science\\Safety and first aid\\safety-and-first-aid\\safety-and-first-aid.html"
            }
          ]
        },
        {
          "Heading": "Shadow",
          "interactive_items": [
            {
              "name": "Shadow",
              "link": "..\\H5P\\Grade 2\\Science\\Shadow\\shadow\\shadow.html"
            }
          ]
        },
        {
          "Heading": "Sources of heat and light",
          "interactive_items": [
            {
              "name": "Sources of heat and light",
              "link": "..\\H5P\\Grade 2\\Science\\Sources of heat and light\\sources-of-heat-and-light\\sources-of-heat-and-light.html"
            }
          ]
        },
        {
          "Heading": "Story and acting based games",
          "interactive_items": [
            {
              "name": "Story and acting based games",
              "link": "..\\H5P\\Grade 2\\Science\\Story and acting based games\\story-and-acting-based-games\\story-and-acting-based-games.html"
            }
          ]
        },
        {
          "Heading": "The sunny day",
          "interactive_items": [
            {
              "name": "The sunny day",
              "link": "..\\H5P\\Grade 2\\Science\\The sunny day\\the-sunny-day\\the-sunny-day.html"
            }
          ]
        },
        {
          "Heading": "Uses of heat and light",
          "interactive_items": [
            {
              "name": "Uses of heat and light",
              "link": "..\\H5P\\Grade 2\\Science\\Uses of heat and light\\uses-of-heat-and-light\\uses-of-heat-and-light.html"
            }
        ]
      }
    ]
  }
  ]
