[
    {
      "grade": 1,
      "subject": "Science",
      "type":"Interactive Content",
      "Interactive": [
        {
          "Heading": "Animals have babies",
          "interactive_items": [
            {
              "name": "animals-with-their-babies",
              "link": "..\\H5P\\Grade 1\\Science\\animals-with-their-babies\\animals-with-their-babies.html"
            }
          ]
        },
        {
          "Heading": "Animals having wings",
          "interactive_items": [
            {
              "name": "Choose two dimensional shapes",
              "link": "..\\H5P\\Grade 1\\Science\\.html"
            }
          ]
        },
        {
          "Heading": "Care for animals",
          "interactive_items": [
            {
              "name": "Care for animals",
              "link": "..\\H5P\\Grade 1\\Science\\.html"
            }
          ]
        },
        {
          "Heading": "Care for plants",
          "interactive_items": [
            {
              "name": "Care for plants",
              "link": "..\\H5P\\Grade 1\\Science\\.html"
            }
        
          ]
        },
        {
          "Heading": "Clean house and school",
          "interactive_items": [
            {
              "name": "Clean house and school",
              "link": "..\\H5P\\Grade 1\\Science\\.html"
            }
    
          ]
        },
        {
          "Heading": "Different body parts of animals",
          "interactive_items": [
            {
              "name": "Different body parts of animals",
              "link": "..\\H5P\\Grade 1\\Science\\.html"
            }
   
        ]
        },
        {
          "Heading": "Different types of animals",
          "interactive_items": [
            {
              "name": "Different types of animals",
              "link": "..\\H5P\\Grade 1\\Science\\.html"
            }
   
        ]
        },
        {
          "Heading": "Fire",
          "interactive_items": [
            {
              "name": "Fire",
              "link": "..\\H5P\\Grade 1\\Science\\.html"
            }
   
        ]
        },
        {
          "Heading": "I am healthy",
          "interactive_items": [
            {
              "name": "I am healthy",
              "link": "..\\H5P\\Grade 1\\Science\\.html"
            }
   
        ]
        },
        {
          "Heading": "Living things",
          "interactive_items": [
            {
              "name": "Analog clock and time",
              "link": "..\\H5P\\Grade 1\\Science\\.html"
            }
   
        ]
        },
        {
          "Heading": "Our environment",
          "interactive_items": [
            {
              "name": "Our environment",
              "link": "..\\H5P\\Grade 1\\Science\\.html"
            }
   
        ]
        },
        {
          "Heading": "Our foods",
          "interactive_items": [
            {
              "name": "Our foods",
              "link": "..\\H5P\\Grade 1\\Science\\.html"
            }
   
        ]
        },
        {
          "Heading": "Personal hygiene",
          "interactive_items": [
            {
              "name": "Personal hygiene",
              "link": "..\\H5P\\Grade 1\\Science\\.html"
            }
   
        ]
        },
        {
          "Heading": "Physical education",
          "interactive_items": [
            {
              "name": "Physical education",
              "link": "..\\H5P\\Grade 1\\Science\\.html"
            }
   
        ]
        },
        {
          "Heading": "Plants",
          "interactive_items": [
            {
              "name": "Plants",
              "link": "..\\H5P\\Grade 1\\Science\\.html"
            }
   
        ]
        },
        {
          "Heading": "Rainy day and windy day",
          "interactive_items": [
            {
              "name": "Rainy day and windy day",
              "link": "..\\H5P\\Grade 1\\Science\\.html"
            }
   
        ]
        },
        {
          "Heading": "Safety rules",
          "interactive_items": [
            {
              "name": "Safety rules",
              "link": "..\\H5P\\Grade 1\\Science\\.html"
            }
   
        ]
        },
        {
          "Heading": "Sunny day and cloudy day",
          "interactive_items": [
            {
              "name": "Sunny day and cloudy day",
              "link": "..\\H5P\\Grade 1\\Science\\.html"
            }
   
        ]
        },
        {
          "Heading": "Water",
          "interactive_items": [
            {
              "name": "Water",
              "link": "..\\H5P\\Grade 1\\Science\\.html"
            }
   
        ]
        }
  ]
}
]
          
  